{
  "generated_at": "2026-04-30T20:16:09.484259+00:00",
  "metrics": {
    "average_precision@4": 0.9583333333333333,
    "hit_rate@4": 1.0,
    "mrr@4": 1.0,
    "ndcg@4": 0.9799301972870469,
    "precision@4": 0.3125,
    "recall@4": 1.0
  },
  "query_count": 4
}